Rupert Murdoch	Jeffrey Epstein
Lex Fridman	Jeffrey Epstein
Daily Beast	Donald Trump
U.S. Department of Justice	Jeffrey Epstein
FBI	Eduardo Munoz
Mick Jagger	Tony Blair
Ghislaine Maxwell	Donald Trump
Jeffrey Epstein	Michael
Jeffrey Epstein	FBI
Rupert Murdoch	Michael Wolff
Carl Icahn	Bill Clinton
Michael Wolff	Melania Trump
FBI	Jeffrey Epstein
Carl Icahn	Jared Kushner
Jeffrey Epstein	New York Magazine
Mick Jagger	Prince Andrew
U.S. Department of Justice	Melania Trump
Jeffrey Epstein	Trump campaign
White House	Donald Trump
Mick Jagger	Hugh Dougherty
Donald Trump	Melania Trump
Joanna Coles	Kaleidoscope
Mick Jagger	Ehud Barak
FBI	Michael Wolff
Donald Trump	Ivanka Trump
Mick Jagger	Jeffrey Epstein
Democratic	Donald Trump
Donald Trump	James Mattis
Joanna Coles	The Daily Beast
Donald Trump	Bill Clinton
Jeffrey Epstein	Victoria
Daily Beast	Jeffrey Epstein
Mick Jagger	Melania Trump
Donald Trump	Jared Kushner
Kamala Harris	Jeffrey Epstein
Ghislaine Maxwell	Jeffrey Epstein
Jeffrey Epstein	Michael Cohen
Jeffrey Epstein	Donald Trump
Microsoft	Bill Gates
Carl Icahn	Jeffrey Epstein
Jeffrey Epstein	Leon Black
Ghislaine Maxwell	Melania Knauss
Michael Wolff	Donald Trump
White House	Jeffrey Epstein
Jeffrey Epstein	Matthew Calamari Snr.
Donald Trump	Carl Icahn
Rupert Murdoch	Donald Trump
Lex Fridman	Donald Trump
U.S. Department of Justice	Donald Trump
Carl Icahn	Tom Barrack
Jeffrey Epstein	Daily Beast
Jeffrey Epstein	Apollo Global
Jeffrey Epstein	Rhona Graff
FBI	Reuters
Democratic	Jeffrey Epstein
Jeffrey Epstein	Republican
Jeffrey Epstein	Sonia Moskowitz
Jeffrey Epstein	Ingrid Seynhaeve
Donald Trump	Jeffrey Epstein
Brian Snyder	Reuters
Mick Jagger	Donald Trump
Mick Jagger	Bill Clinton
Brian Snyder	Donald Trump
Michael Wolff	Jeffrey Epstein
Jeffrey Epstein	Michael Wolff
